Title,Link,Price,Date
Трактор мтз - 82.1 Беларус 82 мтз 82 2019 г.в в Москве,https://www.avito.ru/moskva/gruzoviki_i_spetstehnika/traktor_mtz_-_82.1_belarus_82_mtz_82_2019_g.v_223835504,1250000,2019-01-13 12:40
Мтз 82 трактора в Москве,https://www.avito.ru/moskva/gruzoviki_i_spetstehnika/mtz_82_traktora_928803851,1000000,2019-01-11 21:29
Трактор Мтз 320 для любых работ в Москве,https://www.avito.ru/moskva/gruzoviki_i_spetstehnika/traktor_mtz_320_dlya_lyubyh_rabot_1418969020,490000,2019-01-11 12:39
Трактор мтз-82 с фронтальным погрузчиком и щеткой в Москве,https://www.avito.ru/moskva/gruzoviki_i_spetstehnika/traktor_mtz-82_s_frontalnym_pogruzchikom_i_schetkoy_935196915,920000,2019-01-10 12:16
Трактор мтз-82.1 продам в Москве,https://www.avito.ru/moskva/gruzoviki_i_spetstehnika/traktor_mtz-82.1_prodam_1033277004,400000,2019-01-09 13:15
Трактор мтз в Москве,https://www.avito.ru/moskva/gruzoviki_i_spetstehnika/traktor_mtz_1702810623,1390000,2019-01-08 08:40
Трактор подметально-уборочный Беларус мтз-320 в Москве,https://www.avito.ru/moskva/gruzoviki_i_spetstehnika/traktor_podmetalno-uborochnyy_belarus_mtz-320_1517834992,499000,2019-01-05 12:30
Мини-трактор мтз(Беларус) 320.4 в Москве,https://www.avito.ru/moskva/gruzoviki_i_spetstehnika/mini-traktor_mtzbelarus_320.4_1481192401,530000,2019-01-01 09:34
Трактор мтз - 82 в Москве,https://www.avito.ru/moskva/gruzoviki_i_spetstehnika/traktor_mtz_-_82_614750871,1265000,2018-12-30
Трактор мтз-320 в Москве,https://www.avito.ru/moskva/gruzoviki_i_spetstehnika/traktor_mtz-320_1174676111,815000,2018-12-29
Продаю трактор мтз80 идеальное состояние в Москве,https://www.avito.ru/moskva/gruzoviki_i_spetstehnika/prodayu_traktor_mtz80_idealnoe_sostoyanie_1267930391,500000,2018-12-26
Трактор мтз мк-320.4 машина уборочная 2012 г.в в Москве,https://www.avito.ru/moskva/gruzoviki_i_spetstehnika/traktor_mtz_mk-320.4_mashina_uborochnaya_2012_g.v_1646630767,465000,2018-12-25
Трактор мтз в Москве,https://www.avito.ru/moskva/gruzoviki_i_spetstehnika/traktor_mtz_1301468200,1400000,2018-12-25
Трактор Беларус Мтз-1221. 2006. года в Москве,https://www.avito.ru/moskva/gruzoviki_i_spetstehnika/traktor_belarus_mtz-1221._2006._goda_1209885988,740000,2018-12-22
Трактор мтз 82.1 2011 год в Москве,https://www.avito.ru/moskva/gruzoviki_i_spetstehnika/traktor_mtz_82.1_2011_god_1629664347,710000,2018-12-21
Трактор мтз-920 в Москве,https://www.avito.ru/moskva/gruzoviki_i_spetstehnika/traktor_mtz-920_1522703085,1249000,2018-12-21
Трактор Беларус мтз 82 в Москве,https://www.avito.ru/moskva/gruzoviki_i_spetstehnika/traktor_belarus_mtz_82_1011114050,500000,2018-12-21
Трактор мтз 82 в Москве,https://www.avito.ru/moskva/gruzoviki_i_spetstehnika/traktor_mtz_82_1069709156,730000,2018-12-18
Трактор мтз 82.1 в Москве,https://www.avito.ru/moskva/gruzoviki_i_spetstehnika/traktor_mtz_82.1_1534975416,440000,2018-11-19
